{
  "root": {
    "anchor": {
      "offset": [
        0.0,
        0.0
      ],
      "preset": "StretchAll",
      "size": [
        0.0,
        0.0
      ]
    },
    "backgroundColor": [
      0.0346098430454731,
      0.15189874172210693,
      0.11478198319673538,
      1.0
    ],
    "classColor": [
      0.75,
      0.75,
      0.8999999761581421,
      1.0
    ],
    "classFontSize": 37.0,
    "classTextY": 373.0,
    "deleteBtnColor": [
      0.5,
      0.15000000596046448,
      0.15000000596046448,
      1.0
    ],
    "deleteBtnRingColor": [
      0.8500000238418579,
      0.30000001192092896,
      0.30000001192092896,
      1.0
    ],
    "deleteBtnRingWidth": 3.0,
    "deleteFontSize": 10.0,
    "dialogBgColor": [
      0.11999999731779099,
      0.10000000149011612,
      0.14000000059604645,
      0.9800000190734863
    ],
    "dialogBorderColor": [
      0.699999988079071,
      0.30000001192092896,
      0.30000001192092896,
      0.8999999761581421
    ],
    "dialogBorderWidth": 1.5,
    "dialogBtnFontSize": 10.0,
    "dialogBtnHeight": 22.0,
    "dialogBtnMargin": 11.0,
    "dialogBtnWidth": 75.0,
    "dialogCancelColor": [
      0.25,
      0.3499999940395355,
      0.550000011920929,
      1.0
    ],
    "dialogConfirmColor": [
      0.699999988079071,
      0.20000000298023224,
      0.20000000298023224,
      1.0
    ],
    "dialogConfirmDisabledColor": [
      0.30000001192092896,
      0.15000000596046448,
      0.15000000596046448,
      0.6000000238418579
    ],
    "dialogConfirmDisabledTextColor": [
      0.5,
      0.5,
      0.5,
      0.699999988079071
    ],
    "dialogHeight": 187.0,
    "dialogInputBgColor": [
      0.07999999821186066,
      0.07999999821186066,
      0.11999999731779099,
      1.0
    ],
    "dialogInputBorderColor": [
      0.5,
      0.5,
      0.6000000238418579,
      1.0
    ],
    "dialogInputBorderWidth": 0.75,
    "dialogInputFontSize": 10.0,
    "dialogInputHeight": 21.0,
    "dialogInputPadding": 45.0,
    "dialogOverlayColor": [
      0.0,
      0.0,
      0.0,
      0.699999988079071
    ],
    "dialogPromptColor": [
      0.75,
      0.75,
      0.8500000238418579,
      1.0
    ],
    "dialogPromptFontSize": 9.0,
    "dialogRefNameColor": [
      1.0,
      0.9200000166893005,
      0.75,
      1.0
    ],
    "dialogRefNameFontSize": 10.5,
    "dialogTitleColor": [
      0.949999988079071,
      0.3499999940395355,
      0.3499999940395355,
      1.0
    ],
    "dialogTitleFontSize": 12.0,
    "dialogWidth": 299.0,
    "displayBgColor": [
      0.8588235378265381,
      0.8588235378265381,
      0.8588235378265381,
      0.0784313753247261
    ],
    "displayBorderColor": [
      1.0,
      1.0,
      1.0,
      0.6666666865348816
    ],
    "displayBorderWidth": 1.5,
    "displayHeightRatio": 0.550000011920929,
    "displayTopRatio": 0.07999999821186066,
    "displayWidthRatio": 0.44999998807907104,
    "emptyPromptColor": [
      0.44999998807907104,
      0.44999998807907104,
      0.550000011920929,
      1.0
    ],
    "emptyPromptFontSize": 10.5,
    "emptyRingColor": [
      0.3799999952316284,
      0.3799999952316284,
      0.47999998927116394,
      1.0
    ],
    "emptySlotColor": [
      0.2199999988079071,
      0.2199999988079071,
      0.2800000011920929,
      1.0
    ],
    "entryBtnBorderColor": [
      0.5,
      0.800000011920929,
      1.0,
      1.0
    ],
    "entryBtnBorderWidth": 3.0,
    "entryBtnColor": [
      0.20000000298023224,
      0.6000000238418579,
      0.8999999761581421,
      1.0
    ],
    "entryButtonWidth": 224.0,
    "entryFontSize": 52.0,
    "filledSlotColor": [
      0.11999999731779099,
      0.11999999731779099,
      0.18000000715255737,
      1.0
    ],
    "id": "char_select_root",
    "levelColor": [
      0.6000000238418579,
      0.8999999761581421,
      0.6000000238418579,
      1.0
    ],
    "levelFontSize": 37.0,
    "levelTextY": 425.0,
    "nameBgColor": [
      0.06666667014360428,
      0.06666667014360428,
      0.07058823853731155,
      0.0
    ],
    "nameBgHeight": 224.0,
    "nameBgWidthRatio": 0.699999988079071,
    "nameColor": [
      1.0,
      1.0,
      1.0,
      1.0
    ],
    "nameFontSize": 75.0,
    "nameTextY": 6.0,
    "normalRingWidth": 1.5,
    "plusColor": [
      0.5,
      0.5,
      0.6000000238418579,
      1.0
    ],
    "plusFontSize": 22.0,
    "previewCenterYRatio": 0.550000011920929,
    "previewScale": 2.200000047683716,
    "selectedRingColor": [
      0.949999988079071,
      0.800000011920929,
      0.20000000298023224,
      1.0
    ],
    "selectedRingWidth": 2.200000047683716,
    "selectedSlot": 0,
    "slotBottomMargin": 149.0,
    "slotCircleSize": 112.0,
    "slotLevelColor": [
      0.75,
      0.75,
      0.8500000238418579,
      1.0
    ],
    "slotLevelFontSize": 30.0,
    "slotSpacing": 149.0,
    "swapBtnColor": [
      0.20000000298023224,
      0.44999998807907104,
      0.6499999761581421,
      1.0
    ],
    "swapBtnRingColor": [
      0.4000000059604645,
      0.6499999761581421,
      0.8500000238418579,
      1.0
    ],
    "swapBtnRingWidth": 3.0,
    "swapDeleteMargin": 30.0,
    "swapDeleteScale": 1.0,
    "swapFontSize": 10.0,
    "type": "character_select_screen"
  },
  "screen": "character_select"
}