{
  "root": {
    "anchor": {
      "offset": [
        0.0,
        0.0
      ],
      "preset": "StretchAll",
      "size": [
        0.0,
        0.0
      ]
    },
    "children": [
      {
        "anchor": {
          "offset": [
            0.0,
            0.0
          ],
          "preset": "BottomCenter",
          "size": [
            1600.0,
            800.0
          ]
        },
        "backgroundColor": [
          0,
          0,
          0,
          180
        ],
        "channelBtnBgColor": [
          0.18000000715255737,
          0.18000000715255737,
          0.25,
          0.949999988079071
        ],
        "channelBtnHeight": 0.0,
        "channelBtnWidth": 80.0,
        "channelLabelFontSize": 9.0,
        "channelOffset": [
          0.0,
          0.0
        ],
        "chatIdleLines": 3,
        "closeBtnBgColor": [
          0.15000000596046448,
          0.11999999731779099,
          0.11999999731779099,
          0.75
        ],
        "closeBtnBorderColor": [
          0.6499999761581421,
          0.25,
          0.25,
          1.0
        ],
        "closeBtnIconColor": [
          1.0,
          0.8799999952316284,
          0.8799999952316284,
          1.0
        ],
        "closeBtnSize": 50.0,
        "colorAll": [
          1.0,
          1.0,
          1.0,
          1.0
        ],
        "colorGlobal": [
          1.0,
          0.8500000238418579,
          0.30000001192092896,
          1.0
        ],
        "colorGuild": [
          0.699999988079071,
          0.4000000059604645,
          0.8999999761581421,
          1.0
        ],
        "colorMap": [
          1.0,
          1.0,
          1.0,
          1.0
        ],
        "colorParty": [
          0.30000001192092896,
          0.8500000238418579,
          0.949999988079071,
          1.0
        ],
        "colorPrivate": [
          0.949999988079071,
          0.5,
          0.699999988079071,
          1.0
        ],
        "colorTrade": [
          0.30000001192092896,
          0.8999999761581421,
          0.30000001192092896,
          1.0
        ],
        "factionFenorColor": [
          0.25,
          0.550000011920929,
          0.8500000238418579,
          1.0
        ],
        "factionNoneColor": [
          1.0,
          1.0,
          1.0,
          1.0
        ],
        "factionSolisColor": [
          0.949999988079071,
          0.75,
          0.20000000298023224,
          1.0
        ],
        "factionXyrosColor": [
          0.8500000238418579,
          0.25,
          0.25,
          1.0
        ],
        "factionZethosColor": [
          0.25,
          0.800000011920929,
          0.4000000059604645,
          1.0
        ],
        "fullPanelHeight": 800.0,
        "fullPanelWidth": 1600.0,
        "id": "chat_panel",
        "inputBarBgColor": [
          0.10000000149011612,
          0.10000000149011612,
          0.14000000059604645,
          0.8799999952316284
        ],
        "inputBarHeight": 60.0,
        "inputBarWidth": 0.0,
        "inputBorderColor": [
          0.25,
          0.25,
          0.3499999940395355,
          0.6000000238418579
        ],
        "inputBorderFocusColor": [
          0.4000000059604645,
          0.6000000238418579,
          0.8999999761581421,
          0.8999999761581421
        ],
        "inputFieldBgColor": [
          0.03999999910593033,
          0.03999999910593033,
          0.07999999821186066,
          0.949999988079071
        ],
        "inputFontSize": 30.0,
        "inputOffset": [
          0.0,
          0.0
        ],
        "messageFontSize": 30.0,
        "messageLineSpacing": 3.0,
        "messageOffset": [
          0.0,
          0.0
        ],
        "messageShadowColor": [
          0.0,
          0.0,
          0.0,
          1.0
        ],
        "messageShadowOffset": 2.0,
        "messageTextColor": [
          1.0,
          1.0,
          1.0,
          1.0
        ],
        "placeholderColor": [
          0.44999998807907104,
          0.44999998807907104,
          0.550000011920929,
          0.699999988079071
        ],
        "type": "chat_panel"
      },
      {
        "anchor": {
          "offset": [
            0.0,
            -60.0
          ],
          "preset": "BottomCenter",
          "size": [
            1600.0,
            60.0
          ]
        },
        "id": "emoticon_panel",
        "type": "emoticon_panel",
        "visible": false,
        "slotCount": 16,
        "slotSize": 48.0,
        "slotPadding": 8.0,
        "stripHeight": 60.0
      },
      {
        "anchor": {
          "offset": [
            44.0,
            -207.0
          ],
          "preset": "CenterLeft",
          "size": [
            180.0,
            170.0
          ]
        },
        "barOffset": [
          0.0,
          0.0
        ],
        "barGap": 2.0,
        "barOffsetY": 13.0,
        "borderWidth": 1.0,
        "crownSize": 5.0,
        "cardBgColor": [
          0.07999999821186066,
          0.07999999821186066,
          0.11999999731779099,
          0.8500000238418579
        ],
        "cardBorderColor": [
          0.25,
          0.25,
          0.3499999940395355,
          0.699999988079071
        ],
        "cardHeight": 48.0,
        "cardSpacing": 4.0,
        "cardWidth": 170.0,
        "crownColor": [
          1.0,
          0.8199999928474426,
          0.0,
          1.0
        ],
        "hpBarBgColor": [
          0.15000000596046448,
          0.07999999821186066,
          0.07999999821186066,
          0.8500000238418579
        ],
        "hpBarHeight": 8.0,
        "hpFillColor": [
          0.800000011920929,
          0.18000000715255737,
          0.18000000715255737,
          1.0
        ],
        "id": "party_frame",
        "levelColor": [
          0.6499999761581421,
          0.6499999761581421,
          0.699999988079071,
          0.8500000238418579
        ],
        "levelFontSize": 10.0,
        "levelPadRight": 5.0,
        "levelOffset": [
          0.0,
          0.0
        ],
        "mpBarBgColor": [
          0.07999999821186066,
          0.07999999821186066,
          0.18000000715255737,
          0.8500000238418579
        ],
        "mpBarHeight": 6.0,
        "mpFillColor": [
          0.18000000715255737,
          0.4000000059604645,
          0.8500000238418579,
          1.0
        ],
        "nameColor": [
          1.0,
          1.0,
          1.0,
          0.949999988079071
        ],
        "nameFontSize": 11.0,
        "namePadTop": 6.0,
        "nameOffset": [
          0.0,
          0.0
        ],
        "portraitFillColor": [
          0.20000000298023224,
          0.2199999988079071,
          0.30000001192092896,
          0.949999988079071
        ],
        "portraitOffset": [
          0.0,
          0.0
        ],
        "portraitPadLeft": 6.0,
        "portraitRadius": 10.0,
        "portraitRimColor": [
          0.44999998807907104,
          0.44999998807907104,
          0.6000000238418579,
          0.800000011920929
        ],
        "portraitRimWidth": 1.5,
        "textGapAfterPortrait": 6.0,
        "textPadRight": 4.0,
        "type": "party_frame"
      },
      {
        "acceptBtnColor": [
          0.25,
          0.6800000071525574,
          0.3499999940395355,
          1.0
        ],
        "anchor": {
          "offset": [
            0.0,
            0.0
          ],
          "preset": "Center",
          "size": [
            400.0,
            350.0
          ]
        },
        "backgroundColor": [
          217,
          199,
          166,
          242
        ],
        "bgColor": [
          0.8500000238418579,
          0.7799999713897705,
          0.6499999761581421,
          0.9700000286102295
        ],
        "bodyFontSize": 11.0,
        "borderColor": [
          102.0,
          77.0,
          51.0,
          255.0
        ],
        "borderWidth": 3.0,