{
  "root": {
    "anchor": {
      "offset": [
        0.0,
        0.0
      ],
      "preset": "StretchAll",
      "size": [
        0.0,
        0.0
      ]
    },
    "visible": false,
    "children": [
      {
        "activeTab": 1,
        "anchor": {
          "margin": [
            0.0,
            80.0,
            0.0,
            80.0
          ],
          "offset": [
            0.0,
            75.0
          ],
          "padding": [
            2.0,
            0.0,
            0.0,
            0.0
          ],
          "preset": "StretchX",
          "size": [
            0.0,
            30.0
          ]
        },
        "arrowSize": 28.0,
        "id": "tab_bar",
        "tabLabels": [
          "STS",
          "INV",
          "SKL",
          "GLD",
          "SOC",
          "SET",
          "SHP",
          "PET",
          "CRAFT",
          "COL",
          "COS"
        ],
        "tabSize": 50.0,
        "type": "menu_tab_bar",
        "zOrder": 10
      },
      {
        "anchor": {
          "margin": [
            108.0,
            80.0,
            20.0,
            80.0
          ],
          "offset": [
            0.0,
            0.0
          ],
          "preset": "StretchAll",
          "size": [
            0.0,
            0.0
          ]
        },
        "factionColor": [
          1.0,
          0.9200000166893005,
          0.75,
          1.0
        ],
        "factionFontSize": 9.0,
        "id": "status_panel",
        "levelColor": [
          0.4000000059604645,
          0.2800000011920929,
          0.1599999964237213,
          1.0
        ],
        "levelFontSize": 11.0,
        "nameColor": [
          0.25,
          0.1599999964237213,
          0.07999999821186066,
          1.0
        ],
        "nameFontSize": 15.0,
        "statLabelColor": [
          0.5,
          0.4000000059604645,
          0.30000001192092896,
          1.0
        ],
        "statLabelFontSize": 9.0,
        "statValueFontSize": 11.0,
        "titleColor": [
          0.25,
          0.1599999964237213,
          0.07999999821186066,
          1.0
        ],
        "titleFontSize": 16.0,
        "type": "status_panel",
        "visible": false
      },
      {
        "anchor": {
          "margin": [
            120.0,
            120.0,
            120.0,
            120.0
          ],
          "offset": [
            1.0,
            0.0
          ],
          "padding": [
            0.0,
            2.0,
            0.0,
            0.0
          ],
          "preset": "StretchAll",
          "size": [
            0.0,
            0.0
          ]
        },
        "characterScale": 5.0,
        "contentPadding": 20.0,
        "currencyFontSize": 50.0,
        "currencyHeight": 30.0,
        "currencyLabelFontSize": 50.0,
        "dollCenterY": 0.44999998807907104,
        "dollWidthRatio": 0.44999998807907104,
        "equipLabelColor": [
          0.3333333432674408,
          0.250980406999588,
          0.13333334028720856,
          0.0
        ],
        "equipLabelFontSize": 10.0,
        "equipLayout": [
          {
            "offsetX": 0.0,
            "offsetY": -2.0,
            "sizeMul": 1.0
          },
          {
            "offsetX": -2.0,
            "offsetY": -1.0,
            "sizeMul": 1.100000023841858
          },
          {
            "offsetX": -2.0,
            "offsetY": 0.0,
            "sizeMul": 1.0
          },
          {
            "offsetX": 2.0,
            "offsetY": 1.0,
            "sizeMul": 1.0
          },
          {
            "offsetX": 2.0,
            "offsetY": 0.0,
            "sizeMul": 1.0
          },
          {
            "offsetX": 0.0,
            "offsetY": 3.0,
            "sizeMul": 1.0
          },
          {
            "offsetX": -2.0,
            "offsetY": 1.0,
            "sizeMul": 1.0
          },
          {
            "offsetX": 2.0,
            "offsetY": -2.0,
            "sizeMul": 1.0
          }
        ],
        "equipSlotSize": 48.0,
        "goldLabelColor": [
          0.8818565607070923,
          0.7367408275604248,
          0.20465026795864105,
          1.0
        ],
        "goldValueColor": [
          1.0,
          0.8799999952316284,
          0.30000001192092896,
          1.0
        ],
        "gridColumns": 4,
        "gridPadding": 30.0,
        "gridRows": 4,
        "id": "inventory_panel",
        "itemFontSize": 30.0,
        "itemTextColor": [
          1.0,
          1.0,
          1.0,
          1.0
        ],
        "platLabelColor": [
          0.550000011920929,
          0.7200000286102295,
          0.9200000166893005,
          1.0
        ],
        "platOffsetX": 290.0,
        "platOffsetY": 0.0,
        "platValueColor": [
          0.699999988079071,
          0.8500000238418579,
          1.0,
          1.0
        ],
        "quantityColor": [
          0.909888744354248,
          0.8797734975814819,
          0.9789029359817505,
          1.0
        ],
        "quantityFontSize": 20.0,
        "slotSize": 52.0,
        "type": "inventory_panel"
      },
      {
        "activeSetPage": 0,
        "anchor": {
          "margin": [
            108.0,
            80.0,
            20.0,
            80.0
          ],
          "offset": [
            0.0,
            0.0
          ],
          "preset": "StretchAll",
          "size": [
            0.0,
            0.0
          ]
        },
        "id": "skill_panel",
        "type": "skill_panel",
        "visible": false
      },
      {
        "anchor": {
          "margin": [
            108.0,
            80.0,
            20.0,
            80.0
          ],
          "offset": [
            0.0,
            0.0
          ],
          "preset": "StretchAll",
          "size": [
            0.0,
            0.0
          ]
        },
        "id": "guild_panel",
        "type": "guild_panel",
        "visible": false
      },
      {
        "anchor": {
          "margin": [
            108.0,
            80.0,
            20.0,
            80.0
          ],
          "offset": [
            0.0,
            0.0
          ],
          "preset": "StretchAll",
          "size": [
            0.0,
            0.0
          ]
        },
        "id": "social_panel",
        "title": "Social",
        "type": "panel",
        "visible": false
      },
      {
        "anchor": {
          "margin": [
            108.0,
            80.0,
            20.0,
            80.0
          ],
          "offset": [
            0.0,
            0.0
          ],
          "preset": "StretchAll",
          "size": [
            0.0,
            0.0
          ]
        },
        "id": "settings_panel",
        "type": "settings_panel",
        "visible": false
      },
      {
        "anchor": {
          "margin": [
            108.0,
            80.0,
            20.0,
            80.0
          ],
          "offset": [
            0.0,
            0.0
          ],
          "preset": "StretchAll",
          "size": [
            0.0,
            0.0
          ]
        },
        "id": "shop_panel",
        "title": "Shop",
        "type": "panel",
        "visible": false
      },
      {
        "anchor": {
          "margin": [
            108.0,
            80.0,
            20.0,
            80.0
          ],
          "offset": [
            0.0,
            0.0
          ],
          "preset": "StretchAll",
          "size": [
            0.0,
            0.0
          ]
        },
        "id": "pet_panel",
        "type": "pet_panel",
        "visible": false
      },
      {
        "anchor": {
          "margin": [
            108.0,
            80.0,
            20.0,
            80.0
          ],
          "offset": [
            0.0,
            0.0
          ],
          "preset": "StretchAll",
          "size": [
            0.0,
            0.0
          ]
        },
        "id": "crafting_panel",