{
  "root": {
    "anchor": {
      "offset": [
        0.0,
        0.0
      ],
      "preset": "StretchAll",
      "size": [
        0.0,
        0.0
      ]
    },
    "children": [
      {
        "anchor": {
          "offset": [
            0.0,
            0.0
          ],
          "preset": "Center",
          "size": [
            400.0,
            350.0
          ]
        },
        "bgColor": [
          0.8700000047683716,
          0.800000011920929,
          0.6700000166893005,
          0.9700000286102295
        ],
        "bodyFontSize": 11.0,
        "borderWidth": 2.0,
        "buttonBgColor": [
          0.550000011920929,
          0.41999998688697815,
          0.2800000011920929,
          0.949999988079071
        ],
        "buttonBorderColor": [
          0.4000000059604645,
          0.30000001192092896,
          0.20000000298023224,
          1.0
        ],
        "buttonFontSize": 12.0,
        "buttonGap": 4.0,
        "buttonHeight": 36.0,
        "buttonMargin": 4.0,
        "buttonOffset": [
          0.0,
          0.0
        ],
        "closeBgColor": [
          0.550000011920929,
          0.41999998688697815,
          0.2800000011920929,
          1.0
        ],
        "closeCircleRadius": 10.0,
        "closeFontSize": 10.0,
        "dividerColor": [
          0.3799999952316284,
          0.2800000011920929,
          0.18000000715255737,
          0.5
        ],
        "goldColor": [
          0.8500000238418579,
          0.7200000286102295,
          0.25,
          1.0
        ],
        "id": "npc_dialogue_panel",
        "questNameFontSize": 11.0,
        "questRowHeight": 30.0,
        "questStatusFontSize": 9.0,
        "style": "panel_parchment",
        "textColor": [
          0.2199999988079071,
          0.14000000059604645,
          0.05999999865889549,
          1.0
        ],
        "textOffset": [
          0.0,
          0.0
        ],
        "titleBarHeight": 28.0,
        "titleColor": [
          0.2800000011920929,
          0.18000000715255737,
          0.07999999821186066,
          1.0
        ],
        "titleFontSize": 14.0,
        "titleOffset": [
          0.0,
          0.0
        ],
        "type": "npc_dialogue_panel",
        "visible": false
      },
      {
        "anchor": {
          "offset": [
            -350.0,
            30.0
          ],
          "preset": "Center",
          "size": [
            500.0,
            500.0
          ]
        },
        "bgColor": [
          0.07999999821186066,
          0.07999999821186066,
          0.11999999731779099,
          0.949999988079071
        ],
        "borderColor": [
          0.30000001192092896,
          0.30000001192092896,
          0.4000000059604645,
          0.800000011920929
        ],
        "buyBtnColor": [
          0.15000000596046448,
          0.30000001192092896,
          0.15000000596046448,
          0.800000011920929
        ],
        "buyBtnDisabledColor": [
          0.20000000298023224,
          0.20000000298023224,
          0.20000000298023224,
          0.5
        ],
        "buyBtnHeight": 30.0,
        "buyBtnWidth": 40.0,
        "contentPadding": 0.0,
        "dividerColor": [
          0.30000001192092896,
          0.30000001192092896,
          0.4000000059604645,
          0.6000000238418579
        ],
        "errorColor": [
          0.800000011920929,
          0.20000000298023224,
          0.20000000298023224,
          1.0
        ],
        "goldBarHeight": 40.0,
        "goldColor": [
          1.0,
          0.8399999737739563,
          0.0,
          1.0
        ],
        "goldFontSize": 20.0,
        "goldOffset": [
          0.0,
          0.0
        ],
        "headerBgColor": [
          0.11999999731779099,
          0.11999999731779099,
          0.18000000715255737,
          0.8999999761581421
        ],
        "headerFontSize": 40.0,
        "headerHeight": 0.0,
        "id": "shop_panel",
        "itemFontSize": 30.0,
        "priceFontSize": 19.0,
        "rowHeight": 50.0,
        "shopListOffset": [
          150.0,
          0.0
        ],
        "style": "panel_parchment",
        "subHeaderHeight": 50.0,
        "textColor": [
          0.8999999761581421,
          0.8999999761581421,
          0.8500000238418579,
          1.0
        ],
        "titleColor": [
          0.8999999761581421,
          0.8999999761581421,
          0.8500000238418579,
          1.0
        ],
        "titleFontSize": 36.0,
        "titleOffset": [
          0.0,
          -50.0
        ],
        "type": "shop_panel",
        "visible": false
      },
      {
        "anchor": {
          "offset": [
            0.0,
            0.0
          ],
          "preset": "Center",
          "size": [
            700.0,
            480.0
          ]
        },
        "bankListOffset": [
          0.0,
          0.0
        ],
        "bgColor": [
          0.07999999821186066,
          0.07999999821186066,
          0.11999999731779099,
          0.949999988079071
        ],
        "bodyFontSize": 11.0,
        "borderColor": [
          0.25,
          0.25,
          0.3499999940395355,
          1.0
        ],
        "borderWidth": 2.0,
        "bottomBarHeight": 80.0,
        "buttonColor": [
          0.15000000596046448,
          0.30000001192092896,
          0.15000000596046448,
          0.800000011920929
        ],
        "depositBtnColor": [
          0.15000000596046448,
          0.30000001192092896,
          0.15000000596046448,
          0.800000011920929
        ],
        "dividerColorVal": [
          0.25,
          0.25,
          0.3499999940395355,
          0.6000000238418579
        ],
        "goldColor": [
          1.0,
          0.8399999737739563,
          0.0,
          1.0
        ],
        "goldOffset": [
          0.0,
          0.0
        ],
        "headerFontSize": 12.0,
        "headerHeight": 28.0,
        "id": "bank_panel",
        "inventoryOffset": [
          0.0,
          0.0
        ],
        "rowHeight": 36.0,
        "slotBgColor": [
          0.11999999731779099,
          0.11999999731779099,
          0.18000000715255737,
          0.800000011920929
        ],
        "slotSize": 40.0,
        "smallFontSize": 9.0,
        "style": "panel_parchment",
        "textColor": [
          0.8999999761581421,
          0.8999999761581421,
          0.8500000238418579,
          1.0
        ],
        "titleColor": [
          0.8999999761581421,
          0.8999999761581421,
          0.8500000238418579,
          1.0
        ],
        "titleFontSize": 14.0,
        "titleOffset": [
          0.0,
          0.0
        ],
        "type": "bank_panel",
        "visible": false,
        "withdrawBtnColor": [
          0.30000001192092896,
          0.15000000596046448,
          0.15000000596046448,
          0.800000011920929
        ]
      },
      {
        "anchor": {
          "offset": [
            0.0,
            0.0
          ],
          "preset": "Center",
          "size": [
            360.0,
            350.0
          ]
        },
        "backgroundColor": [
          0.07999999821186066,
          0.07999999821186066,
          0.11999999731779099,
          0.949999988079071
        ],
        "borderColor": [
          0.25,
          0.25,
          0.3499999940395355,
          1.0
        ],
        "closeBtnColor": [
          0.30000001192092896,
          0.15000000596046448,
          0.15000000596046448,
          0.8999999761581421
        ],
        "costFontSize": 10.0,
        "disabledColor": [
          0.4000000059604645,
          0.4000000059604645,
          0.4000000059604645,
          0.5
        ],
        "errorColor": [
          0.800000011920929,
          0.20000000298023224,
          0.20000000298023224,
          1.0
        ],
        "goldColor": [
          1.0,
          0.8399999737739563,
          0.0,
          1.0
        ],